{
	"characters": [
		{
			"name": "David",
			"initial_position": "location_1",
			"body_type": "default",
			"clothing": "RGBdefaultMat_clorid.png",
			"spare_time_main": "敲击键盘",
			"spare_time_aid": [
				"点击鼠标",
				"挠头思考"
			]
		},
		{
			"name": "Tom",
			"initial_position": "location_2",
			"body_type": "default",
			"clothing": "RGBdefaultMat_clorid_1.png",
			"spare_time_main": "敲击键盘",
			"spare_time_aid": [
				"点击鼠标",
				"挠头思考"
			]
		}
	],

	"jobs": [
		{
			"name": "设计师甲",
			"candidates": [
				"David",
				"Tom"
			]
		},
		{
			"name": "程序员甲",
			"candidates": [
				"David",
				"Tom"
			]
		}
	],

	"composite_movements": [
		{
			"name": "发送邮件",
			"mainrole_main": "敲击键盘",
			"mainrole_aid": ["点击鼠标"],
			"wait_mainrole_main": null,
			"wait_mainrole_aid": [],
			"start_mainrole_main": null,
			"end_mainrole_main": null,
			"otherroles_main": "敲击键盘",
			"otherroles_aid": [],
			"wait_otherroles_main": null,
			"wait_otherroles_aid": [],
			"start_otherroles_main": null,
			"end_otherroles_main": null
		},
		{
			"name": "听电话",
			"mainrole_main": "站姿使用电话",
			"mainrole_aid": [],
			"wait_mainrole_main": null,
			"wait_mainrole_aid": [],
			"start_mainrole_main": null,
			"end_mainrole_main": null,
			"otherroles_main": null,
			"otherroles_aid": [],
			"wait_otherroles_main": null,
			"wait_otherroles_aid": [],
			"start_otherroles_main": null,
			"end_otherroles_main": null
		},
		{
			"name": "开会",
			"mainrole_main": "发言",
			"mainrole_aid": [],
			"wait_mainrole_main": "站着不动",
			"wait_mainrole_aid": [],
			"start_mainrole_main": null,
			"end_mainrole_main": null,
			"otherroles_main": "坐着不动",
			"otherroles_aid": ["托腮思考", "挠头思考"],
			"wait_otherroles_main": "坐着不动",
			"wait_otherroles_aid": [],
			"start_otherroles_main": "坐着不动",
			"end_otherroles_main": null
		},
		{
			"name": "拍照",
			"mainrole_main": "使用相机",
			"mainrole_aid": [],
			"wait_mainrole_main": null,
			"wait_mainrole_aid": [],
			"start_mainrole_main": null,
			"end_mainrole_main": null,
			"otherroles_main": null,
			"otherroles_aid": [],
			"wait_otherroles_main": null,
			"wait_otherroles_aid": [],
			"start_otherroles_main": null,
			"end_otherroles_main": null
		}
	],

	"storyline_spots": [
		{
			"start_time": 1,
			"end_time": 40,
			"spot_name": "快去接电话",
			"principal": "设计师甲",
			"principal_activities": [
				{
					"duration": 2,
					"description": "发邮件给程序员甲让他去接电话hhh",
					"composite_movement_name": "发送邮件",
					"self": {
						"location_to_type": 0,
						"location_to": null,
						"bubble_type": 1,
						"bubble_content": "发送邮件...",
						"screen": null
					},
					"other_people": [
						{
							"name": "程序员甲",
							"location_to_type": 0,
							"location_to": null,
							"bubble_type": 1,
							"bubble_content": "接受邮件...",
							"screen": null,
							"following_activities": [
								{
									"duration": 10,
									"description": "接电话",
									"composite_movement_name": "听电话",
									"self": {
										"location_to_type": 1,
										"location_to": "location_3",
										"bubble_type": 1,
										"bubble_content": "接听电话……",
										"screen": null
									},
									"other_people": []
								}
							]
						}
					]
				}
			]
		},
		{
			"start_time": 40,
			"end_time": 120,
			"spot_name": "贼枯燥的会议",
			"principal": "设计师甲",
			"principal_activities": [
				{
					"duration": 10,
					"description": "和程序员甲开会",
					"composite_movement_name": "开会",
					"self": {
						"location_to_type": 1,
						"location_to": "location_9",
						"bubble_type": 1,
						"bubble_content": "发言……",
						"screen": null
					},
					"other_people": [
						{
							"name": "程序员甲",
							"location_to_type": 1,
							"location_to": "location_10",
							"bubble_type": 1,
							"bubble_content": "啊啊啊啊听不懂啊……",
							"screen": null,
							"following_activities": [	
								{
									"duration": 10,
									"description": "拍照",
									"composite_movement_name": "拍照",
									"self": {
										"location_to_type": 1,
										"location_to": "location_14",
										"bubble_type": 1,
										"bubble_content": "正在拍摄……",
										"screen": null
									},
									"other_people": []
								}
							]
						}
					]
				}
			]
		}
	]
}